<?xml version="1.0" encoding="utf-8"?>
<doc>
<assembly><name>FeldSpar.Console</name></assembly>
<members>
<member name="T:AssemblyInfo">

</member>
<member name="">

</member>
<member name="">

</member>
<member name="">

</member>
<member name="">

</member>
<member name="">

</member>
<member name="">

</member>
<member name="">

</member>
<member name="">

</member>
<member name="">

</member>
<member name="">

</member>
<member name="">

</member>
<member name="">

</member>
<member name="T:FeldSpar.Console.Program">

</member>
<member name="">

</member>
<member name="">

</member>
<member name="M:FeldSpar.Console.Processors.runTestsAndSaveResults``1(Microsoft.FSharp.Core.FSharpFunc{Microsoft.FSharp.Collections.FSharpList{System.Tuple{System.String,``0}},Microsoft.FSharp.Core.Unit},Microsoft.FSharp.Core.FSharpFunc{System.String,System.Tuple{System.String,``0}},Microsoft.FSharp.Collections.FSharpList{System.String})">
 <summary>
 Runs tests, saves the test result and returns the test result
 </summary>
 <param name="saver">A call that enables saving of results</param>
 <param name="runner">The Call that takes an assembly path and runs all tests contained in the assembly</param>
 <param name="testAssemblyPath">The path to a test assembly</param>
</member>
<member name="M:FeldSpar.Console.Processors.maybeSaveResults``1(Microsoft.FSharp.Core.FSharpOption{System.String},Microsoft.FSharp.Core.FSharpFunc{System.String,Microsoft.FSharp.Core.FSharpFunc{Microsoft.FSharp.Collections.FSharpList{System.Tuple{System.String,``0}},Microsoft.FSharp.Core.Unit}},Microsoft.FSharp.Collections.FSharpList{System.Tuple{System.String,``0}})">
 <summary>
 Saves test summary if path is provided
 </summary>
 <param name="savePath">the path to save to, this function does nothing if is is none</param>
 <param name="saver">the method to call to save the summaries path -> testSummaries -> unit</param>
 <param name="testSummaries">the list test results to save by assembly name</param>
</member>
<member name="M:FeldSpar.Console.Processors.saveResults``1(Microsoft.FSharp.Core.FSharpFunc{System.String,Microsoft.FSharp.Core.FSharpFunc{System.String,Microsoft.FSharp.Core.Unit}},System.String,Microsoft.FSharp.Collections.FSharpList{System.Tuple{System.String,``0}})">
 <summary>
 This uses a save funtion to save the testsSummaries as JSON
 </summary>
 <param name="saver">The function that saves the summaries path -> data -> unit</param>
 <param name="path">The path to which the summaries should be saved</param>
 <param name="testSummaries">the list test results to save by assembly name</param>
</member>
<member name="">

</member>
<member name="M:FeldSpar.Console.Processors.compareVerbosity(System.String)">
 <summary>
 compares a sting to determin if it is a valid verbosity level. This comparison is case insensitive
 </summary>
 <param name="verbosity">the string to compare</param>
</member>
<member name="T:FeldSpar.Console.Processors">

</member>
<member name="">

</member>
<member name="T:FeldSpar.Console.Extras">

</member>
</members>
</doc>
